{
  "reliability": {
    "MEMORY": 0.9545594606001063,
    "COMMAND": 0.9,
    "MEDIA": 0.9184040773783573,
    "NATIVE_OS": 0.9346296755478128,
    "TEMPORAL": 0.98,
    "FRESHNESS": 0.9,
    "KNOWLEDGE": 0.85,
    "CONVERSATIONAL": 0.85,
    "LLM": 0.9332218547665513
  },
  "last_used_time": {
    "MEMORY": 1780866283.1613584,
    "COMMAND": 1780376878.1549397,
    "MEDIA": 1780482600.0352273,
    "NATIVE_OS": 1780487975.6786196,
    "TEMPORAL": 1780376878.1549397,
    "FRESHNESS": 1780376878.1549397,
    "KNOWLEDGE": 1780376878.1549397,
    "CONVERSATIONAL": 1780376878.1549397,
    "LLM": 1780866435.3453631
  }
}