{
  "reliability": {
    "MEMORY": 0.9503550500418133,
    "COMMAND": 0.9,
    "MEDIA": 0.8975170699904713,
    "NATIVE_OS": 0.9208787605019695,
    "TEMPORAL": 0.98,
    "FRESHNESS": 0.9,
    "KNOWLEDGE": 0.85,
    "CONVERSATIONAL": 0.85,
    "LLM": 0.8633001372367807
  },
  "last_used_time": {
    "MEMORY": 1780376982.3315518,
    "COMMAND": 1780376878.1549397,
    "MEDIA": 1780377218.185128,
    "NATIVE_OS": 1780377030.6558132,
    "TEMPORAL": 1780376878.1549397,
    "FRESHNESS": 1780376878.1549397,
    "KNOWLEDGE": 1780376878.1549397,
    "CONVERSATIONAL": 1780376878.1549397,
    "LLM": 1780377336.1988935
  }
}