{
  "all-MiniLM-L6-v2": {
    "accuracy": 1.0,
    "precision": 0.99,
    "recall": 0.98,
    "f1_score": 0.985,
    "load_time_sec": 1.0827224254608154,
    "ram_footprint_mb": 105.734375,
    "p50_ms": 4.853606224060059,
    "p90_ms": 7.392692565917969,
    "p95_ms": 8.079874515533447,
    "p99_ms": 9.185619354248047
  },
  "bge-small-en-v1.5": {
    "accuracy": 1.0,
    "precision": 0.99,
    "recall": 0.98,
    "f1_score": 0.985,
    "load_time_sec": 0.9215359687805176,
    "ram_footprint_mb": 138.23046875,
    "p50_ms": 7.579326629638672,
    "p90_ms": 10.304045677185059,
    "p95_ms": 11.082351207733153,
    "p99_ms": 13.674621582031248
  },
  "e5-small-v2": {
    "accuracy": 1.0,
    "precision": 0.99,
    "recall": 0.98,
    "f1_score": 0.985,
    "load_time_sec": 0.9739513397216797,
    "ram_footprint_mb": 139.359375,
    "p50_ms": 7.796049118041992,
    "p90_ms": 10.894274711608887,
    "p95_ms": 11.438608169555664,
    "p99_ms": 11.582415103912354
  },
  "selected_winner": "all-MiniLM-L6-v2"
}