{
  "bk_tree": {
    "name": "BK-Tree (Metric Levenshtein)",
    "recall_gain": 83.33333333333334,
    "latency_ms": 0.11256666675762972,
    "ram_mb": 0.00390625,
    "init_ms": 0.7322000001295237
  },
  "sym_spell": {
    "name": "SymSpell (Symmetric Delete)",
    "recall_gain": 83.33333333333334,
    "latency_ms": 0.04163333293642305,
    "ram_mb": 0.0625,
    "init_ms": 0.42050000047311187
  },
  "rapidfuzz": {
    "name": "RapidFuzz (Linear Fuzzy Scan)",
    "recall_gain": 100.0,
    "latency_ms": 0.34076666664380656,
    "ram_mb": 0.0,
    "init_ms": 0.0013000008038943633
  }
}